year,timecode,return
2011,CY,0
2010,1Y,0
2009,2Y,0
2008,3Y,0
2007,4Y,0
2012,CY,0
2011,1Y,0
2010,2Y,0
2009,3Y,0
2008,4Y,0
2013,CY,0
2012,1Y,0
2011,2Y,0
2010,3Y,0
2009,4Y,0
2015,CY,2.623820364067631
2014,1Y,10.472322109582038
2013,2Y,10.975603739483397
2012,3Y,13.07024308858556
2011,4Y,0.822096354547115
2016,CY,-1.9827803909426984
2015,1Y,2.623820364067631
2014,2Y,10.472322109582038
2013,3Y,10.975603739483397
2012,4Y,13.07024308858556
